id,proba
7991,0.5
31470,0.5
27345,0.5
7509,0.5
61999,0.5
21933,0.5
39964,0.5
44470,0.5
23433,0.5
80735,0.5
66471,0.5
37044,0.5
8311,0.5
56532,0.5
30447,0.5
39677,0.5
86040,0.5
29754,0.5
30926,0.5
80520,0.5
79021,0.5
7353,0.5
29853,0.5
5822,0.5
91963,0.5
46782,0.5
37740,0.5
10860,0.5
54135,0.5
87281,0.5
58145,0.5
3541,0.5
38044,0.5
63612,0.5
83730,0.5
79056,0.5
57659,0.5
77589,0.5
40240,0.5
50574,0.5
69029,0.5
42668,0.5
30832,0.5
35326,0.5
40660,0.5
45675,0.5
76725,0.5
31626,0.5
43894,0.5
59077,0.5
46418,0.5
9,0.5
37192,0.5
62849,0.5
5021,0.5
26710,0.5
93500,0.5
48672,0.5
10292,0.5
96711,0.5
1840,0.5
85013,0.5
55699,0.5
12167,0.5
96345,0.5
98985,0.5
65124,0.5
2762,0.5
87439,0.5
14035,0.5
81768,0.5
5483,0.5
32293,0.5
43838,0.5
96958,0.5
76461,0.5
18817,0.5
15648,0.5
85017,0.5
66112,0.5
65425,0.5
57389,0.5
33579,0.5
85025,0.5
7938,0.5
58370,0.5
65106,0.5
45015,0.5
90413,0.5
11782,0.5
10409,0.5
14975,0.5
62961,0.5
78138,0.5
97293,0.5
81606,0.5
67735,0.5
39129,0.5
28771,0.5
50153,0.5
72202,0.5
68488,0.5
95828,0.5
48923,0.5
52167,0.5
98081,0.5
16574,0.5
92873,0.5
83832,0.5
36431,0.5
68241,0.5
81356,0.5
26859,0.5
38431,0.5
21120,0.5
53904,0.5
6621,0.5
25457,0.5
42662,0.5
97792,0.5
74666,0.5
71692,0.5
2306,0.5
819,0.5
41083,0.5
76801,0.5
13846,0.5
58001,0.5
14882,0.5
78831,0.5
34513,0.5
79932,0.5
30917,0.5
9976,0.5
92694,0.5
18379,0.5
93537,0.5
82153,0.5
41262,0.5
96816,0.5
34583,0.5
96668,0.5
98391,0.5
74682,0.5
74465,0.5
69587,0.5
60661,0.5
92044,0.5
86178,0.5
92982,0.5
31468,0.5
64891,0.5
64748,0.5
814,0.5
83543,0.5
74967,0.5
17621,0.5
556,0.5
98789,0.5
20842,0.5
32546,0.5
84531,0.5
16351,0.5
75899,0.5
1333,0.5
85233,0.5
57751,0.5
20203,0.5
20594,0.5
84808,0.5
33580,0.5
66560,0.5
25768,0.5
37987,0.5
69692,0.5
46033,0.5
50077,0.5
85460,0.5
54911,0.5
63236,0.5
48175,0.5
91920,0.5
35159,0.5
68628,0.5
91715,0.5
93435,0.5
1656,0.5
38109,0.5
50287,0.5
77867,0.5
38285,0.5
39788,0.5
23125,0.5
26246,0.5
50994,0.5
98830,0.5
83045,0.5
16176,0.5
29930,0.5
38887,0.5
92239,0.5
47322,0.5
80905,0.5
93714,0.5
13853,0.5
49537,0.5
25970,0.5
52107,0.5
64686,0.5
83039,0.5
4929,0.5
86858,0.5
52929,0.5
50272,0.5
43466,0.5
1449,0.5
84162,0.5
27382,0.5
65363,0.5
52624,0.5
16307,0.5
35550,0.5
91131,0.5
69715,0.5
22969,0.5
95640,0.5
76548,0.5
21139,0.5
29054,0.5
2296,0.5
37964,0.5
87868,0.5
48063,0.5
70818,0.5
94776,0.5
74226,0.5
75833,0.5
78951,0.5
46334,0.5
45878,0.5
92658,0.5
61720,0.5
53081,0.5
3177,0.5
97966,0.5
25873,0.5
36069,0.5
9991,0.5
54184,0.5
39338,0.5
27892,0.5
93438,0.5
69646,0.5
63136,0.5
34735,0.5
14486,0.5
77793,0.5
58559,0.5
1056,0.5
99736,0.5
16171,0.5
2453,0.5
47613,0.5
72241,0.5
54643,0.5
59025,0.5
26471,0.5
82242,0.5
32652,0.5
29813,0.5
30833,0.5
51307,0.5
29573,0.5
65587,0.5
5903,0.5
69794,0.5
46622,0.5
46207,0.5
67823,0.5
58692,0.5
9625,0.5
68135,0.5
63223,0.5
82713,0.5
81008,0.5
26983,0.5
53401,0.5
12271,0.5
35009,0.5
10041,0.5
43374,0.5
73275,0.5
803,0.5
10042,0.5
9937,0.5
13877,0.5
14750,0.5
83943,0.5
63051,0.5
40608,0.5
40674,0.5
19962,0.5
30332,0.5
47016,0.5
25826,0.5
76715,0.5
98132,0.5
57533,0.5
48312,0.5
6502,0.5
64794,0.5
94162,0.5
64225,0.5
55772,0.5
51120,0.5
31492,0.5
94078,0.5
63690,0.5
50782,0.5
3455,0.5
34624,0.5
34524,0.5
7607,0.5
25125,0.5
23718,0.5
86764,0.5
8028,0.5
74419,0.5
66769,0.5
16366,0.5
14221,0.5
54028,0.5
7947,0.5
54983,0.5
97116,0.5
58130,0.5
93777,0.5
15122,0.5
13498,0.5
98061,0.5
59643,0.5
88264,0.5
85022,0.5
93551,0.5
59521,0.5
32980,0.5
11156,0.5
82139,0.5
15453,0.5
3889,0.5
57565,0.5
35773,0.5
72339,0.5
52666,0.5
41216,0.5
9706,0.5
58105,0.5
30087,0.5
91328,0.5
83929,0.5
6797,0.5
70398,0.5
26270,0.5
69394,0.5
3431,0.5
1305,0.5
32100,0.5
63626,0.5
87914,0.5
49582,0.5
40648,0.5
63581,0.5
70183,0.5
4404,0.5
74581,0.5
53383,0.5
35897,0.5
76286,0.5
20606,0.5
72865,0.5
60074,0.5
14071,0.5
48823,0.5
4166,0.5
10218,0.5
48758,0.5
25933,0.5
199,0.5
40916,0.5
81916,0.5
91110,0.5
22684,0.5
83858,0.5
77590,0.5
57597,0.5
74297,0.5
98566,0.5
47407,0.5
3765,0.5
68108,0.5
75620,0.5
30573,0.5
97748,0.5
92387,0.5
77373,0.5
752,0.5
45330,0.5
31827,0.5
94112,0.5
84662,0.5
10890,0.5
31943,0.5
44076,0.5
9066,0.5
22692,0.5
93308,0.5
9304,0.5
54862,0.5
31132,0.5
28861,0.5
5686,0.5
91130,0.5
83783,0.5
17049,0.5
23495,0.5
23655,0.5
58253,0.5
35597,0.5
12513,0.5
25476,0.5
83986,0.5
43297,0.5
68908,0.5
73609,0.5
5050,0.5
1459,0.5
96235,0.5
87243,0.5
19613,0.5
5481,0.5
93756,0.5
50613,0.5
27932,0.5
11576,0.5
21672,0.5
92711,0.5
2049,0.5
96406,0.5
64086,0.5
80920,0.5
82188,0.5
87341,0.5
44020,0.5
41350,0.5
2755,0.5
45199,0.5
97355,0.5
4241,0.5
58538,0.5
24677,0.5
28798,0.5
16261,0.5
79125,0.5
76745,0.5
47075,0.5
10161,0.5
20501,0.5
56069,0.5
22384,0.5
76770,0.5
11405,0.5
74727,0.5
40651,0.5
49673,0.5
35919,0.5
33167,0.5
74701,0.5
7692,0.5
41430,0.5
85226,0.5
15000,0.5
20600,0.5
37708,0.5
41451,0.5
2952,0.5
4781,0.5
16652,0.5
48653,0.5
90619,0.5
98629,0.5
14170,0.5
1755,0.5
80309,0.5
2429,0.5
98632,0.5
4628,0.5
65100,0.5
80955,0.5
93584,0.5
30166,0.5
80500,0.5
72337,0.5
31753,0.5
41526,0.5
39789,0.5
91854,0.5
23237,0.5
69964,0.5
1593,0.5
68052,0.5
88056,0.5
7157,0.5
5560,0.5
59837,0.5
30644,0.5
80947,0.5
78558,0.5
15482,0.5
87924,0.5
99145,0.5
63425,0.5
34879,0.5
80878,0.5
22464,0.5
82847,0.5
82024,0.5
81315,0.5
80153,0.5
94167,0.5
7752,0.5
44460,0.5
96762,0.5
12099,0.5
57793,0.5
51731,0.5
57644,0.5
32129,0.5
61473,0.5
90068,0.5
52421,0.5
88319,0.5
51470,0.5
31237,0.5
63395,0.5
57321,0.5
27557,0.5
54150,0.5
94916,0.5
32874,0.5
24192,0.5
3859,0.5
4908,0.5
4774,0.5
19186,0.5
16146,0.5
72020,0.5
47947,0.5
43394,0.5
64183,0.5
2232,0.5
47373,0.5
4323,0.5
14493,0.5
64680,0.5
11127,0.5
94484,0.5
38671,0.5
94339,0.5
27338,0.5
6874,0.5
15936,0.5
43695,0.5
3580,0.5
67820,0.5
27344,0.5
74673,0.5
21980,0.5
75442,0.5
17607,0.5
73979,0.5
58838,0.5
41743,0.5
39753,0.5
26436,0.5
54816,0.5
20308,0.5
89181,0.5
82700,0.5
88240,0.5
3556,0.5
53633,0.5
39094,0.5
72864,0.5
5177,0.5
36191,0.5
10398,0.5
44074,0.5
94551,0.5
41439,0.5
84921,0.5
25097,0.5
81803,0.5
13541,0.5
1398,0.5
46892,0.5
52716,0.5
59794,0.5
1932,0.5
69055,0.5
89650,0.5
23389,0.5
7123,0.5
61273,0.5
34690,0.5
3778,0.5
7375,0.5
89523,0.5
59316,0.5
10215,0.5
3419,0.5
94049,0.5
412,0.5
47201,0.5
68829,0.5
93449,0.5
8082,0.5
23457,0.5
3334,0.5
9826,0.5
32239,0.5
96091,0.5
90508,0.5
73287,0.5
28206,0.5
56991,0.5
87349,0.5
15040,0.5
69863,0.5
40196,0.5
39810,0.5
39943,0.5
82978,0.5
15250,0.5
54127,0.5
44305,0.5
17815,0.5
31099,0.5
78462,0.5
6405,0.5
46493,0.5
55524,0.5
40552,0.5
63314,0.5
90415,0.5
55056,0.5
27441,0.5
92395,0.5
16771,0.5
70800,0.5
92727,0.5
25123,0.5
12408,0.5
21788,0.5
2364,0.5
10200,0.5
59156,0.5
50140,0.5
41702,0.5
63396,0.5
47351,0.5
82809,0.5
85950,0.5
28938,0.5
70960,0.5
60134,0.5
11826,0.5
12435,0.5
33612,0.5
80952,0.5
28492,0.5
78536,0.5
88039,0.5
88481,0.5
65713,0.5
22364,0.5
89366,0.5
215,0.5
39809,0.5
4006,0.5
5274,0.5
79913,0.5
32650,0.5
76419,0.5
18109,0.5
95804,0.5
76203,0.5
51185,0.5
17406,0.5
40998,0.5
31910,0.5
32675,0.5
29856,0.5
68180,0.5
32461,0.5
48916,0.5
93318,0.5
2490,0.5
76709,0.5
41220,0.5
42613,0.5
19611,0.5
98848,0.5
97703,0.5
16340,0.5
78070,0.5
48891,0.5
6858,0.5
76989,0.5
10808,0.5
83360,0.5
85782,0.5
75608,0.5
72895,0.5
91135,0.5
81330,0.5
33408,0.5
60769,0.5
3775,0.5
58501,0.5
57938,0.5
17973,0.5
6033,0.5
46880,0.5
29448,0.5
71616,0.5
29170,0.5
70417,0.5
10973,0.5
36753,0.5
67980,0.5
36541,0.5
74180,0.5
42409,0.5
50336,0.5
24363,0.5
58628,0.5
74548,0.5
95059,0.5
97867,0.5
80886,0.5
187,0.5
37614,0.5
31169,0.5
7321,0.5
67626,0.5
15200,0.5
62843,0.5
50730,0.5
88241,0.5
9911,0.5
47083,0.5
84834,0.5
72649,0.5
45388,0.5
67638,0.5
7276,0.5
74679,0.5
37521,0.5
62411,0.5
28902,0.5
36466,0.5
34106,0.5
82528,0.5
32356,0.5
53762,0.5
79749,0.5
6824,0.5
79903,0.5
2774,0.5
44493,0.5
52177,0.5
4261,0.5
42494,0.5
56066,0.5
65844,0.5
28296,0.5
49059,0.5
70788,0.5
56012,0.5
31897,0.5
23615,0.5
72810,0.5
55054,0.5
66719,0.5
69662,0.5
22299,0.5
24444,0.5
71952,0.5
18262,0.5
13393,0.5
16698,0.5
56302,0.5
30187,0.5
2319,0.5
24217,0.5
20570,0.5
51799,0.5
11997,0.5
36994,0.5
30814,0.5
40396,0.5
58763,0.5
79108,0.5
78891,0.5
18332,0.5
15197,0.5
11901,0.5
67346,0.5
10202,0.5
31622,0.5
32624,0.5
85665,0.5
66790,0.5
45342,0.5
51469,0.5
59730,0.5
20796,0.5
47477,0.5
47246,0.5
17398,0.5
46320,0.5
6945,0.5
95956,0.5
60715,0.5
23375,0.5
2203,0.5
96237,0.5
15052,0.5
85452,0.5
51230,0.5
20078,0.5
19106,0.5
39051,0.5
16129,0.5
743,0.5
24432,0.5
18703,0.5
12750,0.5
73955,0.5
26070,0.5
17072,0.5
31103,0.5
1353,0.5
46737,0.5
63313,0.5
28014,0.5
33710,0.5
47312,0.5
48475,0.5
91357,0.5
9936,0.5
52267,0.5
71745,0.5
90893,0.5
92269,0.5
76130,0.5
48385,0.5
21427,0.5
66895,0.5
79603,0.5
64322,0.5
53879,0.5
79392,0.5
24433,0.5
5305,0.5
76669,0.5
74203,0.5
21977,0.5
67508,0.5
16638,0.5
86728,0.5
56599,0.5
6799,0.5
42493,0.5
24402,0.5
54074,0.5
18656,0.5
34745,0.5
79364,0.5
82791,0.5
30375,0.5
51459,0.5
56581,0.5
98094,0.5
21430,0.5
35660,0.5
51200,0.5
26802,0.5
30891,0.5
63147,0.5
15335,0.5
81800,0.5
43009,0.5
69894,0.5
33121,0.5
27776,0.5
42857,0.5
17370,0.5
55780,0.5
86529,0.5
49830,0.5
65784,0.5
68313,0.5
46381,0.5
60806,0.5
96655,0.5
61064,0.5
52208,0.5
56759,0.5
79935,0.5
4638,0.5
21785,0.5
84385,0.5
14919,0.5
99836,0.5
36096,0.5
6347,0.5
54238,0.5
38252,0.5
79396,0.5
6598,0.5
57476,0.5
76898,0.5
30325,0.5
97503,0.5
20388,0.5
64787,0.5
70437,0.5
11140,0.5
91132,0.5
20159,0.5
24331,0.5
80702,0.5
8682,0.5
89679,0.5
26416,0.5
63365,0.5
50092,0.5
17719,0.5
9372,0.5
49465,0.5
33407,0.5
36618,0.5
41623,0.5
43373,0.5
25714,0.5
70414,0.5
26495,0.5
97684,0.5
66371,0.5
49857,0.5
89861,0.5
6592,0.5
28552,0.5
80921,0.5
30304,0.5
95559,0.5
66093,0.5
56690,0.5
58195,0.5
31430,0.5
43720,0.5
56966,0.5
76812,0.5
6152,0.5
39950,0.5
14162,0.5
44798,0.5
90116,0.5
16935,0.5
81686,0.5
37059,0.5
16446,0.5
16711,0.5
76550,0.5
42232,0.5
86067,0.5
95418,0.5
4445,0.5
45595,0.5
80527,0.5
11992,0.5
64569,0.5
69915,0.5
49561,0.5
82669,0.5
99446,0.5
44660,0.5
92660,0.5
37269,0.5
58197,0.5
43797,0.5
55424,0.5
92950,0.5
20003,0.5
30580,0.5
23683,0.5
62567,0.5
4402,0.5
69625,0.5
43547,0.5
43746,0.5
44383,0.5
93546,0.5
19172,0.5
33040,0.5
31816,0.5
58279,0.5
79471,0.5
23539,0.5
71973,0.5
9157,0.5
24289,0.5
2123,0.5
3101,0.5
78197,0.5
93475,0.5
15621,0.5
93093,0.5
68520,0.5
78903,0.5
66863,0.5
65403,0.5
9962,0.5
94646,0.5
76389,0.5
36688,0.5
35725,0.5
93907,0.5
85556,0.5
12519,0.5
75320,0.5
32952,0.5
79169,0.5
90906,0.5
74537,0.5
15140,0.5
240,0.5
22073,0.5
53629,0.5
61137,0.5
32900,0.5
67083,0.5
46808,0.5
80907,0.5
12830,0.5
89106,0.5
92383,0.5
14693,0.5
41557,0.5
88013,0.5
49486,0.5
3138,0.5
41331,0.5
23674,0.5
76726,0.5
12955,0.5
65594,0.5
80369,0.5
53124,0.5
36214,0.5
94703,0.5
67200,0.5
80672,0.5
89944,0.5
91766,0.5
55680,0.5
60734,0.5
87586,0.5
11454,0.5
58610,0.5
80804,0.5
9159,0.5
40215,0.5
31937,0.5
69924,0.5
56061,0.5
15418,0.5
83044,0.5
73178,0.5
67472,0.5
20059,0.5
31960,0.5
15655,0.5
33720,0.5
7209,0.5
34787,0.5
85331,0.5
3008,0.5
2927,0.5
87949,0.5
18637,0.5
68268,0.5
4524,0.5
61943,0.5
11779,0.5
15480,0.5
78710,0.5
1657,0.5
37888,0.5
42218,0.5
5739,0.5
5017,0.5
26667,0.5
46262,0.5
52347,0.5
36692,0.5
24948,0.5
90887,0.5
50175,0.5
41696,0.5
33547,0.5
66615,0.5
32613,0.5
81316,0.5
16051,0.5
74582,0.5
41731,0.5
18782,0.5
15831,0.5
19319,0.5
93202,0.5
20537,0.5
98149,0.5
73845,0.5
97711,0.5
27002,0.5
34899,0.5
23299,0.5
89377,0.5
42003,0.5
25875,0.5
50366,0.5
98700,0.5
92414,0.5
24657,0.5
47983,0.5
60494,0.5
73317,0.5
17258,0.5
960,0.5
44011,0.5
31129,0.5
42683,0.5
94305,0.5
44415,0.5
95049,0.5
21148,0.5
5859,0.5
93818,0.5
13599,0.5
23759,0.5
88667,0.5
79516,0.5
22403,0.5
93505,0.5
63053,0.5
23508,0.5
59438,0.5
37878,0.5
91097,0.5
84660,0.5
68812,0.5
32170,0.5
47781,0.5
93474,0.5
28653,0.5
96044,0.5
797,0.5
52037,0.5
47374,0.5
98139,0.5
50736,0.5
58000,0.5
84365,0.5
13621,0.5
38067,0.5
57563,0.5
2205,0.5
50786,0.5
70252,0.5
40878,0.5
78045,0.5
19671,0.5
12577,0.5
1579,0.5
80377,0.5
29881,0.5
52001,0.5
42137,0.5
73144,0.5
95267,0.5
92759,0.5
34288,0.5
20389,0.5
64684,0.5
50569,0.5
14473,0.5
2737,0.5
35914,0.5
3714,0.5
12959,0.5
2847,0.5
77709,0.5
97695,0.5
79950,0.5
25515,0.5
42143,0.5
83544,0.5
64500,0.5
18808,0.5
12046,0.5
37986,0.5
93452,0.5
83315,0.5
57479,0.5
36991,0.5
77901,0.5
20145,0.5
64764,0.5
63237,0.5
80047,0.5
30964,0.5
42460,0.5
1476,0.5
21329,0.5
85535,0.5
29951,0.5
57534,0.5
24550,0.5
82871,0.5
60155,0.5
29760,0.5
93436,0.5
65861,0.5
79179,0.5
54927,0.5
49735,0.5
97414,0.5
99087,0.5
31066,0.5
20585,0.5
3782,0.5
7618,0.5
58825,0.5
99964,0.5
34567,0.5
9832,0.5
50804,0.5
36871,0.5
77891,0.5
10173,0.5
18179,0.5
35110,0.5
41753,0.5
97140,0.5
51356,0.5
83741,0.5
34826,0.5
30576,0.5
12729,0.5
55242,0.5
43352,0.5
12221,0.5
41260,0.5
10367,0.5
15143,0.5
85417,0.5
39949,0.5
58157,0.5
95179,0.5
23766,0.5
32296,0.5
71651,0.5
5467,0.5
58887,0.5
75831,0.5
56746,0.5
79850,0.5
44850,0.5
33355,0.5
29182,0.5
88549,0.5
79022,0.5
86175,0.5
95022,0.5
92264,0.5
73052,0.5
22687,0.5
76968,0.5
13997,0.5
65312,0.5
66973,0.5
40035,0.5
31811,0.5
85524,0.5
35644,0.5
22366,0.5
4856,0.5
58146,0.5
81995,0.5
59917,0.5
60100,0.5
74399,0.5
92922,0.5
26535,0.5
74049,0.5
21914,0.5
68183,0.5
10176,0.5
14079,0.5
63691,0.5
23853,0.5
81687,0.5
5870,0.5
88161,0.5
92083,0.5
86077,0.5
88779,0.5
12367,0.5
72268,0.5
20242,0.5
35845,0.5
45874,0.5
79700,0.5
58914,0.5
64889,0.5
37799,0.5
21633,0.5
21175,0.5
71187,0.5
90841,0.5
30745,0.5
15540,0.5
73429,0.5
90035,0.5
98892,0.5
55132,0.5
43731,0.5
55688,0.5
43810,0.5
51328,0.5
54136,0.5
47963,0.5
38488,0.5
96747,0.5
38572,0.5
46525,0.5
2100,0.5
35599,0.5
51655,0.5
57428,0.5
46291,0.5
61263,0.5
7686,0.5
89676,0.5
16278,0.5
93742,0.5
99999,0.5
95355,0.5
50550,0.5
33548,0.5
77706,0.5
70527,0.5
60028,0.5
86864,0.5
69339,0.5
65590,0.5
96027,0.5
18363,0.5
73022,0.5
97702,0.5
80449,0.5
4408,0.5
83383,0.5
58108,0.5
56122,0.5
84654,0.5
37142,0.5
85299,0.5
20846,0.5
27347,0.5
68900,0.5
75032,0.5
38072,0.5
80983,0.5
99288,0.5
34387,0.5
15748,0.5
92440,0.5
29631,0.5
62466,0.5
15007,0.5
33087,0.5
76754,0.5
16049,0.5
31913,0.5
12688,0.5
61789,0.5
79567,0.5
28604,0.5
10395,0.5
81616,0.5
74602,0.5
53069,0.5
85482,0.5
95242,0.5
45525,0.5
68057,0.5
53378,0.5
90954,0.5
26486,0.5
15499,0.5
49584,0.5
30637,0.5
89043,0.5
64958,0.5
3124,0.5
58211,0.5
18684,0.5
65770,0.5
68910,0.5
38359,0.5
91844,0.5
940,0.5
39240,0.5
83738,0.5
27835,0.5
69134,0.5
64506,0.5
37663,0.5
46391,0.5
2512,0.5
1677,0.5
59509,0.5
47633,0.5
11672,0.5
32743,0.5
48525,0.5
47934,0.5
38564,0.5
9886,0.5
91908,0.5
13513,0.5
48261,0.5
30732,0.5
9997,0.5
22383,0.5
7753,0.5
22011,0.5
79344,0.5
3107,0.5
68404,0.5
73394,0.5
40784,0.5
19608,0.5
31564,0.5
66702,0.5
72917,0.5
14001,0.5
50851,0.5
21502,0.5
35639,0.5
96697,0.5
74024,0.5
45515,0.5
62234,0.5
8356,0.5
5997,0.5
55217,0.5
50572,0.5
34605,0.5
66360,0.5
10119,0.5
59991,0.5
65293,0.5
91368,0.5
6357,0.5
59317,0.5
38533,0.5
8795,0.5
50932,0.5
80096,0.5
12824,0.5
90651,0.5
17080,0.5
50993,0.5
43771,0.5
29761,0.5
94034,0.5
85085,0.5
8041,0.5
29942,0.5
92214,0.5
28182,0.5
15605,0.5
60271,0.5
52736,0.5
87996,0.5
83749,0.5
80337,0.5
21988,0.5
84915,0.5
72366,0.5
13471,0.5
6164,0.5
15982,0.5
29220,0.5
93665,0.5
14455,0.5
61441,0.5
79669,0.5
17121,0.5
76346,0.5
80875,0.5
78799,0.5
62151,0.5
23463,0.5
59584,0.5
52734,0.5
61009,0.5
89776,0.5
12991,0.5
76756,0.5
97443,0.5
43688,0.5
2846,0.5
65516,0.5
16948,0.5
85408,0.5
97306,0.5
22080,0.5
16416,0.5
5562,0.5
92085,0.5
75008,0.5
54703,0.5
90975,0.5
93206,0.5
37138,0.5
80450,0.5
10774,0.5
21071,0.5
39182,0.5
4491,0.5
32646,0.5
70427,0.5
10165,0.5
44227,0.5
23567,0.5
41699,0.5
48846,0.5
66030,0.5
33195,0.5
64094,0.5
60951,0.5
36473,0.5
51919,0.5
17754,0.5
80432,0.5
74389,0.5
62124,0.5
50507,0.5
63312,0.5
64360,0.5
18311,0.5
69636,0.5
22619,0.5
43579,0.5
26828,0.5
90897,0.5
42535,0.5
97329,0.5
15330,0.5
85356,0.5
18607,0.5
80519,0.5
72098,0.5
34262,0.5
26932,0.5
48249,0.5
39144,0.5
97498,0.5
62396,0.5
95644,0.5
93670,0.5
67524,0.5
22509,0.5
53086,0.5
18250,0.5
92626,0.5
41924,0.5
13993,0.5
74980,0.5
22284,0.5
61172,0.5
30367,0.5
29693,0.5
85343,0.5
26958,0.5
86645,0.5
30720,0.5
38486,0.5
84082,0.5
54853,0.5
76758,0.5
14288,0.5
2426,0.5
1314,0.5
51877,0.5
3570,0.5
96522,0.5
48507,0.5
28699,0.5
29987,0.5
2840,0.5
67199,0.5
32113,0.5
69880,0.5
75563,0.5
91567,0.5
18944,0.5
62691,0.5
81710,0.5
72021,0.5
5837,0.5
30579,0.5
36794,0.5
42270,0.5
26369,0.5
58884,0.5
27051,0.5
16506,0.5
3716,0.5
80668,0.5
605,0.5
9880,0.5
77734,0.5
6694,0.5
42609,0.5
76132,0.5
35165,0.5
32306,0.5
40143,0.5
16444,0.5
49077,0.5
32922,0.5
41133,0.5
67152,0.5
21314,0.5
46310,0.5
2883,0.5
14278,0.5
13925,0.5
4321,0.5
94666,0.5
26211,0.5
82300,0.5
95195,0.5
33999,0.5
76697,0.5
98785,0.5
21919,0.5
97171,0.5
53427,0.5
78882,0.5
81950,0.5
4800,0.5
80658,0.5
98066,0.5
49996,0.5
64979,0.5
26593,0.5
15129,0.5
58864,0.5
61729,0.5
89615,0.5
61792,0.5
9630,0.5
5001,0.5
18739,0.5
80665,0.5
87955,0.5
54769,0.5
27998,0.5
97697,0.5
44400,0.5
62140,0.5
23638,0.5
73067,0.5
63755,0.5
33740,0.5
93150,0.5
49547,0.5
72455,0.5
6739,0.5
35699,0.5
80703,0.5
85693,0.5
13597,0.5
97821,0.5
95651,0.5
41984,0.5
37374,0.5
63294,0.5
13990,0.5
64138,0.5
79980,0.5
1705,0.5
73896,0.5
3555,0.5
71528,0.5
14979,0.5
82823,0.5
60561,0.5
21648,0.5
44250,0.5
89856,0.5
7266,0.5
77869,0.5
44311,0.5
54588,0.5
21122,0.5
20444,0.5
39880,0.5
11112,0.5
89430,0.5
66135,0.5
95903,0.5
71388,0.5
21204,0.5
63222,0.5
55201,0.5
42524,0.5
88695,0.5
80829,0.5
92730,0.5
18467,0.5
32539,0.5
20753,0.5
3583,0.5
56997,0.5
65501,0.5
88462,0.5
25815,0.5
99433,0.5
55192,0.5
51002,0.5
10931,0.5
88815,0.5
80646,0.5
73602,0.5
96093,0.5
1352,0.5
11898,0.5
27563,0.5
21669,0.5
71601,0.5
2535,0.5
80374,0.5
55418,0.5
31269,0.5
1266,0.5
11456,0.5
53452,0.5
35698,0.5
26596,0.5
26068,0.5
58031,0.5
53680,0.5
46548,0.5
57749,0.5
3501,0.5
43576,0.5
99399,0.5
97432,0.5
50406,0.5
64155,0.5
90125,0.5
47371,0.5
28240,0.5
14967,0.5
58918,0.5
60290,0.5
97887,0.5
60634,0.5
22239,0.5
91411,0.5
77670,0.5
78795,0.5
59924,0.5
36451,0.5
33308,0.5
49332,0.5
12600,0.5
20307,0.5
31346,0.5
67607,0.5
25121,0.5
47120,0.5
79173,0.5
72721,0.5
5565,0.5
12218,0.5
13848,0.5
33180,0.5
39336,0.5
58948,0.5
32736,0.5
67731,0.5
78373,0.5
99521,0.5
3712,0.5
67375,0.5
8160,0.5
23801,0.5
21028,0.5
67181,0.5
11275,0.5
47546,0.5
55896,0.5
8727,0.5
961,0.5
21357,0.5
21472,0.5
41229,0.5
15021,0.5
86916,0.5
22283,0.5
28638,0.5
71600,0.5
74987,0.5
45360,0.5
73218,0.5
98894,0.5
10778,0.5
92998,0.5
78574,0.5
51366,0.5
32477,0.5
24949,0.5
39963,0.5
87334,0.5
27554,0.5
23373,0.5
93029,0.5
7994,0.5
4539,0.5
88416,0.5
50041,0.5
54254,0.5
3355,0.5
31465,0.5
10543,0.5
55957,0.5
2179,0.5
11132,0.5
65807,0.5
4123,0.5
70987,0.5
48982,0.5
17955,0.5
45876,0.5
48442,0.5
32031,0.5
90103,0.5
10924,0.5
4769,0.5
67359,0.5
5898,0.5
92610,0.5
82296,0.5
96584,0.5
96094,0.5
50445,0.5
85230,0.5
5923,0.5
8481,0.5
64323,0.5
57,0.5
17156,0.5
18181,0.5
58087,0.5
902,0.5
31985,0.5
63989,0.5
14040,0.5
84719,0.5
66832,0.5
53704,0.5
55021,0.5
38665,0.5
77542,0.5
57242,0.5
7741,0.5
22007,0.5
42810,0.5
21311,0.5
96985,0.5
68819,0.5
24599,0.5
82215,0.5
73986,0.5
86819,0.5
76096,0.5
50475,0.5
1973,0.5
47795,0.5
62610,0.5
15236,0.5
49718,0.5
67003,0.5
56639,0.5
89973,0.5
84564,0.5
28204,0.5
52804,0.5
21124,0.5
76847,0.5
87992,0.5
92391,0.5
10811,0.5
76227,0.5
39396,0.5
10199,0.5
39337,0.5
54891,0.5
93486,0.5
72311,0.5
74579,0.5
56001,0.5
32127,0.5
33879,0.5
45556,0.5
63408,0.5
4488,0.5
80836,0.5
70408,0.5
94295,0.5
90397,0.5
53728,0.5
75086,0.5
68860,0.5
59859,0.5
18111,0.5
43427,0.5
39931,0.5
81174,0.5
65359,0.5
47070,0.5
8303,0.5
60277,0.5
42147,0.5
80252,0.5
87930,0.5
66453,0.5
66794,0.5
2589,0.5
7352,0.5
15643,0.5
41006,0.5
75267,0.5
93145,0.5
11031,0.5
86762,0.5
8063,0.5
58808,0.5
38555,0.5
30925,0.5
69749,0.5
78921,0.5
37016,0.5
9375,0.5
92144,0.5
83846,0.5
76445,0.5
41217,0.5
49477,0.5
38364,0.5
57776,0.5
19021,0.5
85875,0.5
85765,0.5
73527,0.5
44217,0.5
52875,0.5
47891,0.5
34933,0.5
58540,0.5
92287,0.5
15495,0.5
85497,0.5
15645,0.5
69392,0.5
91835,0.5
1509,0.5
11712,0.5
31062,0.5
62327,0.5
64973,0.5
98662,0.5
56449,0.5
99376,0.5
4392,0.5
5258,0.5
69920,0.5
33455,0.5
69027,0.5
22471,0.5
96105,0.5
11710,0.5
3779,0.5
39245,0.5
96706,0.5
58334,0.5
37154,0.5
48245,0.5
39489,0.5
86282,0.5
36696,0.5
92421,0.5
71387,0.5
94660,0.5
36162,0.5
77183,0.5
86960,0.5
44745,0.5
32979,0.5
60528,0.5
54403,0.5
9670,0.5
85615,0.5
95307,0.5
40527,0.5
24011,0.5
37064,0.5
58605,0.5
20591,0.5
38297,0.5
35778,0.5
29195,0.5
49186,0.5
58630,0.5
61424,0.5
37505,0.5
11718,0.5
56761,0.5
72438,0.5
77761,0.5
49352,0.5
60908,0.5
73054,0.5
19400,0.5
86484,0.5
18248,0.5
95001,0.5
87192,0.5
81016,0.5
63798,0.5
59244,0.5
47890,0.5
39919,0.5
80586,0.5
11498,0.5
87905,0.5
52244,0.5
62996,0.5
76167,0.5
72199,0.5
73983,0.5
52090,0.5
93185,0.5
46973,0.5
61315,0.5
42452,0.5
90673,0.5
64453,0.5
2885,0.5
20824,0.5
89673,0.5
61589,0.5
87994,0.5
9377,0.5
1887,0.5
95856,0.5
11280,0.5
84160,0.5
4629,0.5
72514,0.5
30658,0.5
28118,0.5
21862,0.5
92522,0.5
9842,0.5
35828,0.5
55133,0.5
8040,0.5
23767,0.5
65669,0.5
75150,0.5
27950,0.5
80379,0.5
49253,0.5
1561,0.5
62798,0.5
45477,0.5
4198,0.5
77410,0.5
78863,0.5
904,0.5
80884,0.5
47532,0.5
41692,0.5
67306,0.5
4864,0.5
6667,0.5
48384,0.5
15067,0.5
9329,0.5
46701,0.5
91057,0.5
21494,0.5
28572,0.5
32315,0.5
168,0.5
70274,0.5
36795,0.5
20440,0.5
37760,0.5
75066,0.5
3790,0.5
6654,0.5
12637,0.5
895,0.5
98469,0.5
35979,0.5
75063,0.5
53807,0.5
49119,0.5
64024,0.5
36108,0.5
69824,0.5
2612,0.5
43716,0.5
87332,0.5
16606,0.5
40606,0.5
76460,0.5
26635,0.5
60735,0.5
79432,0.5
20118,0.5
19585,0.5
85001,0.5
32645,0.5
18933,0.5
54786,0.5
63903,0.5
89133,0.5
38478,0.5
25275,0.5
58163,0.5
43536,0.5
42040,0.5
82531,0.5
97358,0.5
26435,0.5
40370,0.5
46164,0.5
37129,0.5
3717,0.5
3915,0.5
32060,0.5
85003,0.5
67473,0.5
41164,0.5
64893,0.5
54077,0.5
88512,0.5
69266,0.5
87274,0.5
2591,0.5
40361,0.5
37209,0.5
277,0.5
22691,0.5
93199,0.5
40698,0.5
75326,0.5
82643,0.5
98754,0.5
34978,0.5
34593,0.5
61256,0.5
69476,0.5
81690,0.5
50348,0.5
81111,0.5
93544,0.5
25805,0.5
3749,0.5
89519,0.5
86879,0.5
36675,0.5
42580,0.5
71186,0.5
86597,0.5
84291,0.5
31878,0.5
89105,0.5
62361,0.5
22169,0.5
3970,0.5
41440,0.5
53843,0.5
65527,0.5
65690,0.5
80296,0.5
41574,0.5
20240,0.5
27992,0.5
76152,0.5
68176,0.5
17767,0.5
50097,0.5
82056,0.5
58912,0.5
69839,0.5
35394,0.5
58874,0.5
25259,0.5
89951,0.5
51205,0.5
19280,0.5
151,0.5
11119,0.5
7254,0.5
36701,0.5
8359,0.5
50674,0.5
5605,0.5
9333,0.5
61136,0.5
92344,0.5
37365,0.5
20162,0.5
22821,0.5
31525,0.5
96160,0.5
69639,0.5
78441,0.5
24288,0.5
48246,0.5
9059,0.5
37153,0.5
67404,0.5
27979,0.5
45634,0.5
35983,0.5
22838,0.5
20102,0.5
38909,0.5
17126,0.5
56762,0.5
1196,0.5
42919,0.5
55213,0.5
41246,0.5
76064,0.5
83984,0.5
53789,0.5
18028,0.5
75871,0.5
16004,0.5
64468,0.5
96753,0.5
29259,0.5
17269,0.5
75351,0.5
41737,0.5
80996,0.5
43876,0.5
96320,0.5
3732,0.5
53847,0.5
67462,0.5
90101,0.5
21372,0.5
85772,0.5
99151,0.5
9306,0.5
80572,0.5
54654,0.5
74205,0.5
17082,0.5
45382,0.5
10604,0.5
67573,0.5
68537,0.5
90033,0.5
52093,0.5
64557,0.5
33568,0.5
96062,0.5
48841,0.5
80530,0.5
72907,0.5
88047,0.5
75344,0.5
25928,0.5
40646,0.5
4766,0.5
44616,0.5
69267,0.5
8741,0.5
34252,0.5
57800,0.5
98242,0.5
83481,0.5
21567,0.5
67406,0.5
38764,0.5
85695,0.5
79820,0.5
44252,0.5
92902,0.5
59866,0.5
3769,0.5
30712,0.5
63063,0.5
10107,0.5
86497,0.5
83472,0.5
44028,0.5
96085,0.5
37110,0.5
89376,0.5
82655,0.5
36532,0.5
22099,0.5
76280,0.5
23783,0.5
40066,0.5
8183,0.5
58521,0.5
8889,0.5
22974,0.5
20827,0.5
61382,0.5
92805,0.5
52525,0.5
80434,0.5
22322,0.5
68536,0.5
60739,0.5
41858,0.5
60742,0.5
31135,0.5
22121,0.5
87188,0.5
64669,0.5
44585,0.5
43913,0.5
3760,0.5
13589,0.5
19335,0.5
87865,0.5
9877,0.5
58385,0.5
88729,0.5
38198,0.5
5180,0.5
82949,0.5
25898,0.5
64766,0.5
30131,0.5
12252,0.5
85848,0.5
63055,0.5
12731,0.5
80616,0.5
52462,0.5
80552,0.5
17606,0.5
49946,0.5
12699,0.5
73971,0.5
52034,0.5
91006,0.5
62018,0.5
53735,0.5
51209,0.5
86666,0.5
14829,0.5
34844,0.5
75824,0.5
60885,0.5
60078,0.5
77316,0.5
13048,0.5
53068,0.5
70639,0.5
55120,0.5
14318,0.5
57047,0.5
5896,0.5
24059,0.5
4949,0.5
72575,0.5
87369,0.5
58958,0.5
29592,0.5
72887,0.5
36053,0.5
7169,0.5
27651,0.5
30456,0.5
37026,0.5
96989,0.5
9365,0.5
77237,0.5
97440,0.5
53706,0.5
73112,0.5
48342,0.5
4536,0.5
48349,0.5
60878,0.5
39452,0.5
52091,0.5
94277,0.5
68744,0.5
99636,0.5
40009,0.5
55924,0.5
59535,0.5
6240,0.5
46858,0.5
74941,0.5
1621,0.5
80445,0.5
86475,0.5
5871,0.5
32746,0.5
46269,0.5
65478,0.5
87587,0.5
49688,0.5
68446,0.5
22029,0.5
78362,0.5
12475,0.5
60077,0.5
35473,0.5
6003,0.5
71557,0.5
66092,0.5
63027,0.5
28141,0.5
54784,0.5
42603,0.5
68051,0.5
93952,0.5
20426,0.5
21317,0.5
24911,0.5
31554,0.5
14678,0.5
16071,0.5
72572,0.5
21896,0.5
35485,0.5
89261,0.5
95007,0.5
78316,0.5
78990,0.5
25012,0.5
49122,0.5
79256,0.5
523,0.5
99003,0.5
84751,0.5
77305,0.5
99848,0.5
74674,0.5
71938,0.5
56070,0.5
95398,0.5
42969,0.5
69586,0.5
67323,0.5
34116,0.5
7103,0.5
10464,0.5
16419,0.5
26003,0.5
1746,0.5
3382,0.5
35904,0.5
1966,0.5
94704,0.5
20819,0.5
89748,0.5
41124,0.5
64093,0.5
83513,0.5
73081,0.5
469,0.5
58516,0.5
89269,0.5
33586,0.5
25719,0.5
85483,0.5
22869,0.5
54642,0.5
93646,0.5
58648,0.5
54885,0.5
73145,0.5
17513,0.5
44944,0.5
69799,0.5
84854,0.5
95758,0.5
79066,0.5
85000,0.5
4793,0.5
68592,0.5
48508,0.5
24500,0.5
14053,0.5
49762,0.5
88417,0.5
92857,0.5
70462,0.5
85241,0.5
39780,0.5
87596,0.5
17798,0.5
13029,0.5
42236,0.5
13298,0.5
13021,0.5
49930,0.5
62564,0.5
54505,0.5
53905,0.5
63601,0.5
30431,0.5
65563,0.5
53653,0.5
21530,0.5
46263,0.5
32294,0.5
34308,0.5
53402,0.5
35369,0.5
68604,0.5
59979,0.5
87910,0.5
72932,0.5
14030,0.5
48733,0.5
56395,0.5
45552,0.5
78645,0.5
33072,0.5
95604,0.5
72454,0.5
1446,0.5
39793,0.5
68714,0.5
17070,0.5
41894,0.5
8243,0.5
62338,0.5
70879,0.5
63611,0.5
22079,0.5
51833,0.5
77094,0.5
26262,0.5
69926,0.5
36207,0.5
68429,0.5
15817,0.5
51851,0.5
63148,0.5
49256,0.5
28208,0.5
64952,0.5
64377,0.5
11217,0.5
19187,0.5
88005,0.5
65921,0.5
61917,0.5
6350,0.5
5930,0.5
31760,0.5
55848,0.5
69716,0.5
50619,0.5
58631,0.5
51467,0.5
8951,0.5
82070,0.5
47425,0.5
80839,0.5
52183,0.5
56631,0.5
33742,0.5
86925,0.5
46253,0.5
39341,0.5
52654,0.5
29417,0.5
95648,0.5
96798,0.5
7270,0.5
36676,0.5
91421,0.5
92852,0.5
24065,0.5
82253,0.5
33449,0.5
26000,0.5
50671,0.5
43552,0.5
14595,0.5
10994,0.5
50796,0.5
5523,0.5
70714,0.5
2757,0.5
87490,0.5
22298,0.5
35220,0.5
67552,0.5
60024,0.5
24718,0.5
66536,0.5
14844,0.5
65804,0.5
20663,0.5
42018,0.5
50142,0.5
89891,0.5
9702,0.5
66091,0.5
76984,0.5
41420,0.5
68489,0.5
9980,0.5
901,0.5
30764,0.5
98834,0.5
4444,0.5
80270,0.5
88191,0.5
43368,0.5
85792,0.5
14073,0.5
50952,0.5
24063,0.5
38491,0.5
34533,0.5
39163,0.5
32897,0.5
24366,0.5
95543,0.5
62851,0.5
86149,0.5
72469,0.5
66527,0.5
62190,0.5
68258,0.5
24493,0.5
36679,0.5
10203,0.5
72764,0.5
32732,0.5
86384,0.5
27560,0.5
58251,0.5
47951,0.5
25269,0.5
50391,0.5
69131,0.5
72386,0.5
60588,0.5
71991,0.5
35361,0.5
13875,0.5
53558,0.5
62504,0.5
91046,0.5
78266,0.5
96746,0.5
33083,0.5
21763,0.5
14371,0.5
95423,0.5
16329,0.5
92384,0.5
40697,0.5
83833,0.5
353,0.5
58661,0.5
5750,0.5
84021,0.5
71960,0.5
96984,0.5
75522,0.5
93816,0.5
38718,0.5
30751,0.5
90070,0.5
71583,0.5
71438,0.5
97585,0.5
41925,0.5
81395,0.5
85837,0.5
61546,0.5
82957,0.5
42052,0.5
7124,0.5
90585,0.5
78532,0.5
71841,0.5
38170,0.5
63406,0.5
62087,0.5
53551,0.5
94088,0.5
16132,0.5
43738,0.5
76472,0.5
13301,0.5
43406,0.5
54632,0.5
88562,0.5
83076,0.5
60917,0.5
94915,0.5
27141,0.5
5118,0.5
69485,0.5
81326,0.5
68338,0.5
55747,0.5
43207,0.5
52414,0.5
7866,0.5
17159,0.5
57735,0.5
70461,0.5
74327,0.5
53785,0.5
28263,0.5
98440,0.5
2489,0.5
79263,0.5
74497,0.5
28502,0.5
49330,0.5
30214,0.5
52537,0.5
91494,0.5
12338,0.5
7976,0.5
86095,0.5
94366,0.5
25485,0.5
40858,0.5
131,0.5
58331,0.5
31192,0.5
48613,0.5
6172,0.5
49081,0.5
8030,0.5
25263,0.5
28180,0.5
12518,0.5
98698,0.5
82869,0.5
52781,0.5
62615,0.5
20922,0.5
99130,0.5
62990,0.5
68015,0.5
6712,0.5
23842,0.5
70619,0.5
31665,0.5
18451,0.5
42614,0.5
57668,0.5
41259,0.5
65963,0.5
74797,0.5
93301,0.5
31608,0.5
71751,0.5
92663,0.5
22305,0.5
30623,0.5
20371,0.5
72286,0.5
51227,0.5
86429,0.5
23932,0.5
2008,0.5
4777,0.5
13551,0.5
58911,0.5
28108,0.5
28655,0.5
70431,0.5
95401,0.5
77199,0.5
22962,0.5
86950,0.5
11004,0.5
4690,0.5
89632,0.5
75180,0.5
17813,0.5
68875,0.5
68192,0.5
50888,0.5
37197,0.5
29572,0.5
89947,0.5
20146,0.5
93633,0.5
30219,0.5
21202,0.5
4988,0.5
48565,0.5
30194,0.5
86022,0.5
91374,0.5
88155,0.5
37070,0.5
558,0.5
52928,0.5
39089,0.5
35967,0.5
43933,0.5
26692,0.5
1143,0.5
28332,0.5
90995,0.5
64478,0.5
31560,0.5
53464,0.5
86401,0.5
41258,0.5
94912,0.5
41222,0.5
2559,0.5
51000,0.5
29454,0.5
90904,0.5
43916,0.5
21030,0.5
85859,0.5
4898,0.5
19808,0.5
47961,0.5
15478,0.5
7577,0.5
78934,0.5
6706,0.5
96646,0.5
33241,0.5
11980,0.5
34205,0.5
44586,0.5
94724,0.5
1050,0.5
32836,0.5
81903,0.5
9633,0.5
41611,0.5
11428,0.5
92728,0.5
35490,0.5
56640,0.5
31265,0.5
35010,0.5
63662,0.5
56787,0.5
48447,0.5
96793,0.5
10809,0.5
62896,0.5
39166,0.5
74715,0.5
18873,0.5
22797,0.5
30462,0.5
40859,0.5
11159,0.5
52802,0.5
26476,0.5
87285,0.5
52503,0.5
9273,0.5
17382,0.5
94632,0.5
73966,0.5
93617,0.5
30961,0.5
8813,0.5
54464,0.5
76545,0.5
4079,0.5
25237,0.5
71881,0.5
36185,0.5
13476,0.5
99358,0.5
20094,0.5
11804,0.5
1860,0.5
63733,0.5
39550,0.5
19315,0.5
49915,0.5
84400,0.5
49423,0.5
14008,0.5
3443,0.5
1477,0.5
42851,0.5
91285,0.5
52221,0.5
20455,0.5
32643,0.5
18055,0.5
80407,0.5
89249,0.5
78415,0.5
29053,0.5
6036,0.5
98595,0.5
35429,0.5
21566,0.5
84070,0.5
23585,0.5
21823,0.5
62183,0.5
66163,0.5
56002,0.5
7956,0.5
11827,0.5
49461,0.5
55271,0.5
29085,0.5
40369,0.5
70138,0.5
5669,0.5
4576,0.5
20317,0.5
34443,0.5
17644,0.5
91093,0.5
27104,0.5
57144,0.5
55691,0.5
53076,0.5
32313,0.5
82029,0.5
61734,0.5
43010,0.5
48428,0.5
11487,0.5
73150,0.5
1371,0.5
42686,0.5
90302,0.5
32790,0.5
31072,0.5
7785,0.5
95767,0.5
55948,0.5
72693,0.5
64974,0.5
22599,0.5
86823,0.5
90151,0.5
20006,0.5
80163,0.5
10208,0.5
68198,0.5
37278,0.5
33551,0.5
45210,0.5
57586,0.5
81450,0.5
54465,0.5
65167,0.5
52161,0.5
38823,0.5
38761,0.5
67286,0.5
29809,0.5
55770,0.5
90542,0.5
93821,0.5
80904,0.5
13966,0.5
65065,0.5
93801,0.5
27254,0.5
45897,0.5
4218,0.5
77868,0.5
15334,0.5
86145,0.5
30677,0.5
76118,0.5
57540,0.5
67556,0.5
10301,0.5
88598,0.5
18026,0.5
54105,0.5
81537,0.5
18087,0.5
92431,0.5
90274,0.5
67475,0.5
63872,0.5
69180,0.5
44164,0.5
69624,0.5
11471,0.5
49832,0.5
58541,0.5
85543,0.5
4771,0.5
39927,0.5
54201,0.5
8707,0.5
82145,0.5
96707,0.5
49489,0.5
20790,0.5
39218,0.5
17967,0.5
49076,0.5
8484,0.5
44475,0.5
21390,0.5
59221,0.5
88188,0.5
48108,0.5
33891,0.5
17431,0.5
16251,0.5
35404,0.5
51978,0.5
95849,0.5
64634,0.5
65113,0.5
37030,0.5
75857,0.5
36709,0.5
84810,0.5
4745,0.5
59629,0.5
86220,0.5
4026,0.5
36275,0.5
17622,0.5
31116,0.5
32766,0.5
35757,0.5
77639,0.5
49929,0.5
37824,0.5
79023,0.5
21766,0.5
70405,0.5
49527,0.5
72955,0.5
54523,0.5
74299,0.5
12148,0.5
3350,0.5
87829,0.5
43909,0.5
73325,0.5
41017,0.5
85931,0.5
10936,0.5
44290,0.5
64592,0.5
64251,0.5
71584,0.5
94552,0.5
14219,0.5
245,0.5
15691,0.5
54363,0.5
90867,0.5
67817,0.5
38993,0.5
97886,0.5
20060,0.5
70298,0.5
96242,0.5
67453,0.5
52122,0.5
9008,0.5
65040,0.5
97997,0.5
94879,0.5
50472,0.5
26664,0.5
98787,0.5
32434,0.5
86486,0.5
63191,0.5
82246,0.5
822,0.5
24404,0.5
70502,0.5
90575,0.5
66309,0.5
4883,0.5
54340,0.5
58755,0.5
32405,0.5
52331,0.5
87298,0.5
80226,0.5
79310,0.5
5935,0.5
57033,0.5
8161,0.5
22164,0.5
83912,0.5
49714,0.5
69097,0.5
51684,0.5
74583,0.5
4523,0.5
15213,0.5
98272,0.5
50112,0.5
9849,0.5
70522,0.5
97269,0.5
75075,0.5
10466,0.5
77924,0.5
35001,0.5
50922,0.5
52808,0.5
84820,0.5
93728,0.5
7978,0.5
90669,0.5
20153,0.5
54526,0.5
72981,0.5
4684,0.5
43357,0.5
69660,0.5
92615,0.5
7136,0.5
82063,0.5
48410,0.5
77465,0.5
68627,0.5
93051,0.5
5934,0.5
52836,0.5
32269,0.5
16631,0.5
15728,0.5
92656,0.5
34193,0.5
6599,0.5
72482,0.5
71043,0.5
40623,0.5
48732,0.5
4165,0.5
89045,0.5
32392,0.5
99581,0.5
5814,0.5
75715,0.5
85133,0.5
47629,0.5
32165,0.5
53744,0.5
37069,0.5
36723,0.5
22409,0.5
20549,0.5
4980,0.5
84022,0.5
51962,0.5
3291,0.5
83592,0.5
50960,0.5
74423,0.5
46270,0.5
91947,0.5
46419,0.5
82370,0.5
74030,0.5
1967,0.5
65427,0.5
9817,0.5
79912,0.5
96991,0.5
24643,0.5
8422,0.5
8381,0.5
89726,0.5
19406,0.5
90037,0.5
78966,0.5
44621,0.5
61832,0.5
27748,0.5
97204,0.5
3789,0.5
47556,0.5
90420,0.5
84307,0.5
41147,0.5
58093,0.5
70710,0.5
91364,0.5
18573,0.5
794,0.5
7397,0.5
95567,0.5
68186,0.5
25202,0.5
35783,0.5
38429,0.5
94635,0.5
19314,0.5
9155,0.5
5931,0.5
81932,0.5
85886,0.5
3203,0.5
2030,0.5
92732,0.5
80993,0.5
67681,0.5
3997,0.5
34739,0.5
26032,0.5
32368,0.5
65238,0.5
96341,0.5
74381,0.5
20509,0.5
77920,0.5
41578,0.5
17578,0.5
11711,0.5
77295,0.5
30361,0.5
60717,0.5
79451,0.5
29491,0.5
85831,0.5
3141,0.5
8248,0.5
86690,0.5
628,0.5
31903,0.5
80437,0.5
89564,0.5
15013,0.5
45319,0.5
5575,0.5
83562,0.5
81023,0.5
44121,0.5
7486,0.5
29261,0.5
70170,0.5
12003,0.5
24124,0.5
7315,0.5
3078,0.5
54697,0.5
14546,0.5
52803,0.5
25545,0.5
28461,0.5
47498,0.5
41008,0.5
85014,0.5
36068,0.5
58757,0.5
27186,0.5
20902,0.5
41975,0.5
99753,0.5
33736,0.5
23810,0.5
28381,0.5
92551,0.5
63375,0.5
47207,0.5
96086,0.5
63381,0.5
12893,0.5
42818,0.5
27864,0.5
82452,0.5
99941,0.5
14427,0.5
67502,0.5
92731,0.5
69818,0.5
87357,0.5
7324,0.5
93468,0.5
14011,0.5
85850,0.5
75990,0.5
33604,0.5
33754,0.5
74935,0.5
49056,0.5
19535,0.5
96245,0.5
41223,0.5
6134,0.5
94557,0.5
32674,0.5
75836,0.5
65589,0.5
58992,0.5
87492,0.5
57681,0.5
5816,0.5
82210,0.5
43914,0.5
57792,0.5
45469,0.5
42120,0.5
62827,0.5
67006,0.5
66215,0.5
50340,0.5
31742,0.5
60479,0.5
82211,0.5
82135,0.5
69744,0.5
62634,0.5
42532,0.5
33332,0.5
16048,0.5
59180,0.5
15015,0.5
36472,0.5
87670,0.5
37655,0.5
5681,0.5
23472,0.5
78195,0.5
50268,0.5
35077,0.5
70139,0.5
68189,0.5
80297,0.5
29258,0.5
34336,0.5
64667,0.5
73440,0.5
74600,0.5
70520,0.5
90118,0.5
50687,0.5
74725,0.5
21791,0.5
19188,0.5
61016,0.5
11534,0.5
5125,0.5
72190,0.5
24761,0.5
87999,0.5
31175,0.5
47749,0.5
89984,0.5
8897,0.5
81880,0.5
62802,0.5
37257,0.5
77151,0.5
41007,0.5
93032,0.5
32556,0.5
5263,0.5
81134,0.5
798,0.5
53954,0.5
28223,0.5
74578,0.5
39241,0.5
67982,0.5
62818,0.5
37925,0.5
97053,0.5
55590,0.5
37261,0.5
82096,0.5
39092,0.5
92428,0.5
97402,0.5
17759,0.5
39189,0.5
89110,0.5
88351,0.5
44938,0.5
27558,0.5
63378,0.5
60429,0.5
84887,0.5
80188,0.5
78537,0.5
38131,0.5
35425,0.5
18019,0.5
5341,0.5
55210,0.5
39966,0.5
28510,0.5
4578,0.5
59100,0.5
54548,0.5
7943,0.5
29768,0.5
3572,0.5
20062,0.5
43180,0.5
34169,0.5
80205,0.5
62455,0.5
92503,0.5
66598,0.5
36078,0.5
11418,0.5
99211,0.5
82159,0.5
87558,0.5
80101,0.5
32630,0.5
92356,0.5
62064,0.5
97041,0.5
21147,0.5
28013,0.5
21110,0.5
29091,0.5
35150,0.5
16709,0.5
84698,0.5
22394,0.5
86789,0.5
87638,0.5
77596,0.5
9853,0.5
92945,0.5
95785,0.5
93968,0.5
59069,0.5
19655,0.5
48943,0.5
97996,0.5
98499,0.5
86131,0.5
12014,0.5
38620,0.5
77676,0.5
33883,0.5
24135,0.5
554,0.5
96247,0.5
24922,0.5
99160,0.5
84748,0.5
29756,0.5
47740,0.5
69159,0.5
95711,0.5
42819,0.5
41435,0.5
30999,0.5
70705,0.5
15340,0.5
14005,0.5
29615,0.5
31842,0.5
14870,0.5
36847,0.5
90594,0.5
28330,0.5
65583,0.5
59270,0.5
21523,0.5
38992,0.5
15952,0.5
98318,0.5
59201,0.5
23746,0.5
44352,0.5
24875,0.5
93970,0.5
23802,0.5
30850,0.5
12558,0.5
89034,0.5
45175,0.5
8038,0.5
14083,0.5
91780,0.5
63311,0.5
17246,0.5
90498,0.5
86285,0.5
1539,0.5
55552,0.5
82016,0.5
43963,0.5
36989,0.5
86637,0.5
50025,0.5
1325,0.5
99444,0.5
26919,0.5
42050,0.5
50109,0.5
52793,0.5
84605,0.5
1594,0.5
81310,0.5
42500,0.5
99935,0.5
76513,0.5
70430,0.5
39850,0.5
76059,0.5
48926,0.5
40280,0.5
35171,0.5
28580,0.5
74801,0.5
43181,0.5
41876,0.5
78889,0.5
10859,0.5
81021,0.5
9282,0.5
26690,0.5
12250,0.5
14430,0.5
85671,0.5
92483,0.5
78922,0.5
89946,0.5
24149,0.5
54569,0.5
81417,0.5
59008,0.5
82247,0.5
90884,0.5
42224,0.5
66299,0.5
74917,0.5
58955,0.5
7382,0.5
48098,0.5
76283,0.5
2241,0.5
40284,0.5
45909,0.5
25684,0.5
29350,0.5
43730,0.5
51202,0.5
15002,0.5
22116,0.5
39632,0.5
62180,0.5
49629,0.5
16933,0.5
35109,0.5
46347,0.5
71293,0.5
89974,0.5
16850,0.5
79886,0.5
3848,0.5
4693,0.5
27813,0.5
85769,0.5
91127,0.5
30311,0.5
50134,0.5
79048,0.5
48796,0.5
39230,0.5
76437,0.5
65644,0.5
3656,0.5
81794,0.5
84360,0.5
88678,0.5
72374,0.5
17459,0.5
64808,0.5
82819,0.5
14410,0.5
96029,0.5
98324,0.5
94910,0.5
35210,0.5
27781,0.5
71040,0.5
78691,0.5
27747,0.5
13208,0.5
44388,0.5
77667,0.5
55853,0.5
40475,0.5
41221,0.5
81888,0.5
43513,0.5
85771,0.5
29236,0.5
27923,0.5
70575,0.5
60741,0.5
35133,0.5
15822,0.5
22443,0.5
78647,0.5
71373,0.5
27944,0.5
39627,0.5
49775,0.5
53549,0.5
8281,0.5
93671,0.5
78021,0.5
50115,0.5
26992,0.5
15229,0.5
30374,0.5
24880,0.5
28445,0.5
8178,0.5
11720,0.5
33193,0.5
17395,0.5
98161,0.5
96383,0.5
38298,0.5
94798,0.5
80052,0.5
83915,0.5
18766,0.5
91845,0.5
8797,0.5
32875,0.5
51260,0.5
31671,0.5
71842,0.5
71366,0.5
23511,0.5
82209,0.5
72905,0.5
34706,0.5
19922,0.5
15862,0.5
21331,0.5
76741,0.5
29784,0.5
97415,0.5
98018,0.5
3998,0.5
13931,0.5
20915,0.5
40799,0.5
20923,0.5
14830,0.5
69179,0.5
67157,0.5
52110,0.5
89412,0.5
7316,0.5
63915,0.5
86213,0.5
94875,0.5
50098,0.5
23815,0.5
14319,0.5
88544,0.5
43621,0.5
88774,0.5
27420,0.5
77835,0.5
58788,0.5
28339,0.5
48679,0.5
53466,0.5
27550,0.5
32478,0.5
8425,0.5
29984,0.5
33545,0.5
7622,0.5
17706,0.5
77367,0.5
70873,0.5
88261,0.5
2053,0.5
56833,0.5
3707,0.5
57454,0.5
16475,0.5
21041,0.5
17904,0.5
42576,0.5
63878,0.5
92175,0.5
85649,0.5
57867,0.5
70829,0.5
99483,0.5
36039,0.5
13967,0.5
98696,0.5
73632,0.5
93410,0.5
3540,0.5
43837,0.5
64558,0.5
54633,0.5
75079,0.5
6930,0.5
97126,0.5
8641,0.5
26518,0.5
62179,0.5
80127,0.5
64185,0.5
61571,0.5
78456,0.5
66525,0.5
45222,0.5
70711,0.5
86944,0.5
81292,0.5
56646,0.5
68568,0.5
10971,0.5
6340,0.5
48658,0.5
20245,0.5
95869,0.5
77408,0.5
67297,0.5
36985,0.5
65453,0.5
46543,0.5
93036,0.5
16626,0.5
87351,0.5
35959,0.5
51586,0.5
25834,0.5
21973,0.5
35905,0.5
6000,0.5
42667,0.5
10996,0.5
93748,0.5
28617,0.5
32504,0.5
9478,0.5
78440,0.5
6379,0.5
51488,0.5
11063,0.5
88960,0.5
80354,0.5
90060,0.5
64430,0.5
91605,0.5
38737,0.5
93668,0.5
16653,0.5
11523,0.5
29435,0.5
30736,0.5
97055,0.5
71947,0.5
95018,0.5
46864,0.5
55785,0.5
45751,0.5
99432,0.5
1703,0.5
24060,0.5
50129,0.5
58438,0.5
2638,0.5
72755,0.5
71196,0.5
17262,0.5
19750,0.5
96285,0.5
82699,0.5
71948,0.5
26617,0.5
79366,0.5
12062,0.5
53763,0.5
54286,0.5
51630,0.5
49655,0.5
89859,0.5
3490,0.5
98521,0.5
91442,0.5
32369,0.5
63224,0.5
11574,0.5
52560,0.5
11499,0.5
97820,0.5
13052,0.5
1597,0.5
15387,0.5
96402,0.5
63617,0.5
72470,0.5
48993,0.5
37926,0.5
6695,0.5
46593,0.5
64685,0.5
14790,0.5
73179,0.5
98561,0.5
62119,0.5
30893,0.5
15356,0.5
74416,0.5
17837,0.5
56198,0.5
69243,0.5
70696,0.5
21269,0.5
14523,0.5
40857,0.5
23530,0.5
47984,0.5
7806,0.5
97077,0.5
15445,0.5
69962,0.5
97696,0.5
5413,0.5
42660,0.5
48883,0.5
49787,0.5
24330,0.5
92348,0.5
3331,0.5
1695,0.5
31990,0.5
18936,0.5
85229,0.5
15189,0.5
84766,0.5
57449,0.5
68930,0.5
11645,0.5
1877,0.5
79819,0.5
97882,0.5
70667,0.5
85136,0.5
17354,0.5
24737,0.5
9431,0.5
43202,0.5
65645,0.5
63535,0.5
64110,0.5
17054,0.5
81579,0.5
17894,0.5
10211,0.5
96651,0.5
73368,0.5
53831,0.5
8799,0.5
51329,0.5
10415,0.5
7600,0.5
6642,0.5
89315,0.5
73597,0.5
92874,0.5
59814,0.5
97215,0.5
50143,0.5
84478,0.5
93430,0.5
66578,0.5
13468,0.5
28906,0.5
34564,0.5
1060,0.5
28309,0.5
32087,0.5
73805,0.5
3495,0.5
98088,0.5
42713,0.5
36174,0.5
38608,0.5
76319,0.5
38102,0.5
63624,0.5
82046,0.5
78337,0.5
8304,0.5
37843,0.5
52563,0.5
53695,0.5
10401,0.5
38732,0.5
84592,0.5
98436,0.5
65787,0.5
82269,0.5
9367,0.5
82661,0.5
35821,0.5
2957,0.5
9617,0.5
2738,0.5
43493,0.5
82747,0.5
87660,0.5
23222,0.5
39484,0.5
23635,0.5
17025,0.5
20210,0.5
51446,0.5
65870,0.5
24661,0.5
94373,0.5
89721,0.5
24735,0.5
5193,0.5
79007,0.5
61238,0.5
96318,0.5
88962,0.5
55512,0.5
44948,0.5
40741,0.5
53960,0.5
33694,0.5
72016,0.5
16691,0.5
7479,0.5
85484,0.5
82980,0.5
7636,0.5
64642,0.5
3546,0.5
70701,0.5
47415,0.5
28526,0.5
50799,0.5
79698,0.5
20057,0.5
96205,0.5
87830,0.5
85725,0.5
15227,0.5
3110,0.5
964,0.5
83908,0.5
62083,0.5
38585,0.5
12895,0.5
8229,0.5
62822,0.5
71076,0.5
29092,0.5
38726,0.5
4809,0.5
9116,0.5
407,0.5
14460,0.5
98500,0.5
40963,0.5
40999,0.5
795,0.5
15251,0.5
21704,0.5
71070,0.5
33482,0.5
22303,0.5
77485,0.5
73351,0.5
66222,0.5
15404,0.5
38168,0.5
52307,0.5
36314,0.5
87240,0.5
40498,0.5
66916,0.5
17952,0.5
67325,0.5
29459,0.5
21677,0.5
37036,0.5
38760,0.5
74004,0.5
19230,0.5
77013,0.5
34643,0.5
69359,0.5
35258,0.5
15695,0.5
11392,0.5
67201,0.5
74393,0.5
56200,0.5
70037,0.5
3425,0.5
93195,0.5
14519,0.5
64700,0.5
69211,0.5
64880,0.5
4205,0.5
50104,0.5
56402,0.5
31709,0.5
4778,0.5
37941,0.5
13000,0.5
83525,0.5
10812,0.5
38068,0.5
42455,0.5
40499,0.5
66456,0.5
15892,0.5
95403,0.5
21636,0.5
69168,0.5
55743,0.5
97282,0.5
99837,0.5
23645,0.5
62845,0.5
78877,0.5
43974,0.5
86135,0.5
56829,0.5
86867,0.5
62237,0.5
14622,0.5
97427,0.5
94934,0.5
34584,0.5
50874,0.5
51989,0.5
74748,0.5
74003,0.5
46254,0.5
70175,0.5
358,0.5
42283,0.5
44099,0.5
95951,0.5
61764,0.5
98069,0.5
5272,0.5
63822,0.5
59960,0.5
25956,0.5
67354,0.5
20784,0.5
35335,0.5
5485,0.5
45695,0.5
64602,0.5
36208,0.5
82424,0.5
79334,0.5
52206,0.5
80137,0.5
95061,0.5
85422,0.5
38270,0.5
49331,0.5
66520,0.5
11972,0.5
15309,0.5
77700,0.5
69421,0.5
66437,0.5
94550,0.5
51126,0.5
21263,0.5
48547,0.5
32339,0.5
34785,0.5
20019,0.5
3391,0.5
29904,0.5
81657,0.5
2175,0.5
62594,0.5
37794,0.5
90196,0.5
15331,0.5
59806,0.5
98059,0.5
43690,0.5
67156,0.5
12024,0.5
87352,0.5
1462,0.5
60396,0.5
91201,0.5
32193,0.5
49377,0.5
37506,0.5
75285,0.5
23590,0.5
85933,0.5
1723,0.5
53552,0.5
49814,0.5
74267,0.5
3888,0.5
79413,0.5
70861,0.5
25318,0.5
66300,0.5
49560,0.5
73116,0.5
73801,0.5
51746,0.5
66575,0.5
37373,0.5
78031,0.5
96761,0.5
59234,0.5
75949,0.5
20306,0.5
96895,0.5
67180,0.5
45060,0.5
717,0.5
10861,0.5
31270,0.5
92326,0.5
47060,0.5
65558,0.5
25453,0.5
87137,0.5
59666,0.5
54672,0.5
96110,0.5
94095,0.5
36946,0.5
30205,0.5
6829,0.5
89780,0.5
26215,0.5
33400,0.5
61548,0.5
10038,0.5
75407,0.5
17614,0.5
64570,0.5
52742,0.5
23935,0.5
84404,0.5
19777,0.5
84718,0.5
19294,0.5
64236,0.5
70011,0.5
90945,0.5
38788,0.5
91360,0.5
62977,0.5
73797,0.5
51797,0.5
81346,0.5
2775,0.5
2329,0.5
8274,0.5
17601,0.5
34163,0.5
60023,0.5
89866,0.5
90815,0.5
71086,0.5
41994,0.5
77789,0.5
79748,0.5
38173,0.5
75273,0.5
5954,0.5
99737,0.5
78737,0.5
20951,0.5
57983,0.5
75243,0.5
54354,0.5
27498,0.5
71705,0.5
34230,0.5
41311,0.5
46542,0.5
18175,0.5
15235,0.5
52554,0.5
22870,0.5
88627,0.5
47585,0.5
5417,0.5
94962,0.5
44426,0.5
39228,0.5
70073,0.5
19821,0.5
92212,0.5
72249,0.5
14866,0.5
25102,0.5
76070,0.5
44158,0.5
46831,0.5
4393,0.5
61243,0.5
85580,0.5
9313,0.5
85951,0.5
15554,0.5
47051,0.5
61728,0.5
78506,0.5
52487,0.5
74244,0.5
29075,0.5
33404,0.5
21004,0.5
76569,0.5
42434,0.5
13610,0.5
73502,0.5
30741,0.5
79518,0.5
90114,0.5
48319,0.5
38623,0.5
33458,0.5
12343,0.5
4056,0.5
4125,0.5
30450,0.5
38926,0.5
16334,0.5
54128,0.5
24435,0.5
46743,0.5
76072,0.5
52032,0.5
2958,0.5
29598,0.5
94394,0.5
21161,0.5
11404,0.5
89283,0.5
4923,0.5
98450,0.5
83773,0.5
43850,0.5
81290,0.5
42654,0.5
15286,0.5
46519,0.5
8596,0.5
18136,0.5
31064,0.5
36729,0.5
68267,0.5
13269,0.5
58192,0.5
25083,0.5
29800,0.5
9691,0.5
75144,0.5
69820,0.5
75327,0.5
93750,0.5
84649,0.5
14751,0.5
70457,0.5
12027,0.5
70989,0.5
91724,0.5
93507,0.5
94607,0.5
2404,0.5
15296,0.5
64472,0.5
71232,0.5
86861,0.5
73878,0.5
49414,0.5
63876,0.5
72248,0.5
77407,0.5
48521,0.5
26128,0.5
65689,0.5
35054,0.5
69487,0.5
73654,0.5
57007,0.5
79889,0.5
13222,0.5
66881,0.5
43761,0.5
38253,0.5
62451,0.5
55737,0.5
16350,0.5
74022,0.5
43299,0.5
11238,0.5
28809,0.5
17319,0.5
60955,0.5
69598,0.5
11008,0.5
48251,0.5
7643,0.5
19097,0.5
89367,0.5
59908,0.5
45324,0.5
47710,0.5
86619,0.5
73691,0.5
72848,0.5
61149,0.5
46617,0.5
36810,0.5
42608,0.5
80762,0.5
90974,0.5
81654,0.5
93919,0.5
3503,0.5
58533,0.5
3582,0.5
90436,0.5
5147,0.5
22428,0.5
76051,0.5
54640,0.5
47121,0.5
33024,0.5
81345,0.5
54770,0.5
35758,0.5
63078,0.5
39814,0.5
58814,0.5
34694,0.5
76965,0.5
70277,0.5
95874,0.5
91226,0.5
70785,0.5
19179,0.5
61234,0.5
19453,0.5
48032,0.5
67334,0.5
69294,0.5
49511,0.5
78179,0.5
83654,0.5
55525,0.5
1517,0.5
20855,0.5
41985,0.5
21355,0.5
73392,0.5
5170,0.5
82603,0.5
34578,0.5
2707,0.5
22280,0.5
62350,0.5
71999,0.5
54779,0.5
62412,0.5
30921,0.5
32426,0.5
50410,0.5
77225,0.5
66104,0.5
21601,0.5
28694,0.5
39486,0.5
58698,0.5
21194,0.5
56144,0.5
35097,0.5
19781,0.5
16459,0.5
36814,0.5
46349,0.5
7229,0.5
24969,0.5
90306,0.5
41178,0.5
5208,0.5
88344,0.5
16710,0.5
57461,0.5
47861,0.5
56820,0.5
94092,0.5
83979,0.5
89524,0.5
49526,0.5
91652,0.5
5647,0.5
84097,0.5
82842,0.5
91294,0.5
9616,0.5
90676,0.5
89179,0.5
21777,0.5
83314,0.5
61515,0.5
81034,0.5
3142,0.5
87722,0.5
16925,0.5
35300,0.5
86129,0.5
72473,0.5
